timestamp[s]	latency_value[ms]
1464775245	646.710
1464775662	712.070
1464775732	646.430
1464775872	643.500
1464776706	643.170
1464776845	642.190
1464777470	627.080
1464777540	634.630
1464777611	613.290
1464778306	630.000
1464778585	681.860
1464779904	688.530
1464780738	663.950
1464781223	681.520
1464781501	639.600
1464782263	664.510
1464782748	663.640
1464783372	637.750
1464783788	974.740
1464783858	715.900
1464783928	661.050
1464783998	657.420
1464784068	685.090
1464784276	648.470
1464784833	747.960
1464784973	802.670
1464785250	626.850
1464787399	640.480
1464787954	695.870
1464788233	631.450
1464789417	638.460
1464792334	664.830
1464793030	642.270
1464793100	642.720
1464793170	632.870
1464793240	701.770
1464794350	660.080
1464794905	679.330
1464795673	1013.370
1464796715	656.530
1464796924	687.140
1464797480	680.410
1464797689	646.350
1464798037	665.440
1464798245	687.210
1464798800	686.490
1464798870	722.230
1464798940	787.610
1464799150	686.970
1464800056	676.560
1464800960	650.190
1464801099	664.610
1464801658	654.420
1464801729	637.890
1464801868	636.840
1464802983	655.590
1464803401	656.300
1464803540	683.850
1464803611	676.630
1464803681	651.190
1464804305	690.890
1464804933	1900.770
1464805214	700.230
1464805424	779.300
1464806607	645.210
1464806676	664.160
1464806816	617.430
1464806886	671.770
1464807095	622.670
1464807236	616.730
1464807725	623.740
1464808215	612.420
1464808425	603.770
1464808495	719.600
1464808566	641.520
1464808636	612.800
1464808776	610.140
1464808846	614.550
1464808916	619.130
1464808986	612.520
1464809267	627.810
1464809407	609.580
1464809476	628.560
1464810039	637.790
1464810318	610.100
1464810529	612.350
1464810599	720.790
1464810740	606.280
1464811299	624.370
1464811370	669.800
1464811441	642.810
1464812139	654.400
1464812349	675.120
1464812490	612.070
1464812979	832.890
1464813050	633.800
1464813190	680.790
1464813401	679.660
1464813471	643.600
1464813541	632.830
1464813612	604.250
1464813682	648.600
1464813821	707.940
1464814031	618.540
1464814312	620.590
1464814734	627.750
1464815224	643.910
1464815644	605.590
1464815854	608.050
1464815925	662.700
1464816204	616.320
1464816693	632.850
1464816834	633.390
1464816975	691.460
1464817324	610.690
1464817673	678.250
1464817744	676.080
1464818095	633.450
1464818304	684.470
1464818584	603.140
1464818654	647.870
1464818725	616.830
1464818796	608.940
1464818935	628.140
1464819005	625.600
1464820051	612.180
1464820121	634.820
1464820191	645.570
1464820262	610.690
1464820611	633.140
1464820821	614.510
1464820892	605.670
1464821102	620.440
1464821171	703.760
1464821242	915.350
1464821521	657.540
1464821661	600.880
1464821801	659.770
1464821871	683.020
1464822012	700.960
1464822083	603.200
1464822153	661.090
1464822434	636.300
1464822644	649.410
1464822715	602.640
1464822856	640.950
1464822927	679.600
1464822997	684.620
1464823067	610.700
1464823207	611.190
1464823694	642.930
1464823833	673.320
1464823905	636.750
1464824186	664.270
1464824396	631.400
1464824466	603.620
1464824536	622.080
1464824746	615.780
1464824817	605.510
1464825306	605.380
1464825657	698.510
1464825798	603.680
1464826635	633.970
1464826845	628.260
1464827125	618.900
1464827406	623.450
1464827755	633.110
1464828383	776.960
1464829569	687.640
1464829777	685.170
1464829848	670.410
1464829988	671.550
1464830686	605.840
1464830757	634.870
1464830896	620.630
1464830966	662.590
1464831037	633.210
1464831384	623.020
1464831454	619.440
1464832012	610.660
1464832362	635.020
1464832573	651.600
1464832922	605.880
1464833481	610.330
1464833691	703.490
1464833762	740.150
1464833971	629.940
1464834181	603.680
1464834461	656.970
1464834532	613.820
1464834602	625.660
1464835021	603.800
1464835229	605.360
1464836204	631.000
1464836760	606.830
1464836830	654.110
1464837249	638.300
1464837669	626.170
1464837946	656.390
1464838783	636.670
1464839201	610.650
1464840249	637.260
1464840388	656.270
1464840457	643.350
1464840736	614.070
1464840946	613.690
1464841017	621.140
1464841156	636.280
1464841226	628.610
1464841505	621.070
1464841575	639.010
1464842759	627.210
1464843455	667.460
1464843872	631.170
1464844289	670.380
1464844360	603.890
1464844500	658.190
1464844986	629.580
1464845126	646.660
1464845266	606.110
1464845336	687.280
1464845615	657.130
1464845685	629.160
1464845895	672.550
1464847282	635.270
1464847631	670.800
1464848117	615.330
1464848187	645.810
1464848535	647.400
1464848744	656.100
1464848815	640.530
1464848885	629.450
1464848955	647.530
1464849441	640.440
1464849511	700.620
1464849650	637.390
1464849859	659.980
1464849998	624.670
1464850068	641.850
1464850277	641.640
1464850415	639.490
1464850555	632.390
1464850835	654.990
1464851393	635.780
1464851533	658.020
1464851603	615.340
1464851812	621.670
1464851882	634.940
1464852438	692.820
1464852508	652.740
1464852578	662.720
1464852648	613.250
1464852788	615.710
1464852928	682.710
1464853276	614.570
1464853345	642.000
1464853902	669.020
1464854111	616.460
1464854182	643.600
1464854461	660.660
1464855018	636.760
1464855504	674.340
1464856271	671.670
1464856410	607.040
1464856619	652.120
1464857803	642.230
1464858151	671.180
1464858292	660.820
1464858432	638.550
1464859477	728.160
1464859547	665.760
1464859757	695.280
1464859827	648.080
1464860105	681.690
1464860523	690.870
1464861426	621.290
1464861496	641.380
1464861706	607.730
1464863997	679.290
1464864067	607.330
1464864761	605.150
1464865108	691.690
1464865457	665.970
1464865874	648.740
1464866986	672.760
1464867402	791.070
1464867472	662.710
1464867750	640.210
1464870179	644.040
1464870318	651.290
1464870873	692.480
1464871289	677.190
1464872469	650.180
1464872608	623.230
1464873094	708.820
1464873164	615.780
1464874760	637.630
1464875937	637.390
1464878643	735.870
1464880933	646.860
1464881282	646.870
1464881560	690.760
1464882948	659.740
1464883503	677.220
1464884267	642.540
1464885725	692.640
1464886420	643.890
1464886559	632.760
1464886976	604.780
1464888018	619.110
1464888716	916.810
1464889688	659.220
1464890245	707.670
1464891706	606.370
1464892751	603.350
1464893168	645.390
1464893239	606.460
1464893727	671.480
1464893866	617.290
1464894285	651.290
1464894771	644.660
1464895188	622.150
1464895328	662.160
1464895609	634.080
1464895680	636.620
1464896306	622.720
1464896585	632.810
1464896725	635.000
1464897073	641.480
1464897698	670.080
1464898467	604.520
1464898537	668.870
1464898677	654.680
1464899232	635.910
1464899791	618.790
1464900070	602.920
1464900281	639.880
1464900421	632.970
1464900491	644.920
1464900561	600.350
1464900910	659.920
1464900980	623.090
1464901328	621.340
1464901468	614.180
1464901679	632.330
1464901748	603.900
1464903147	681.150
1464903218	610.730
1464903776	606.000
1464904198	621.480
1464904547	618.240
1464905035	671.200
1464905312	636.730
1464905592	675.100
1464905662	610.340
1464905734	616.460
1464905804	725.350
1464906015	619.120
1464906154	615.970
1464906643	621.080
1464906784	650.700
1464906994	632.770
1464907901	622.050
1464908463	606.620
1464908602	647.970
1464908882	609.510
1464909162	611.440
1464909301	633.400
1464909441	611.440
1464909651	610.740
1464910002	630.390
1464911190	621.920
1464911471	603.110
1464911680	596.950
1464912028	670.980
1464912377	638.410
1464912448	615.580
1464913006	647.430
1464913145	625.810
1464913285	647.830
1464913356	671.050
1464913981	608.650
1464914051	605.730
1464914543	605.070
1464914614	621.720
1464914684	620.840
1464914755	638.030
1464915244	641.770
1464915314	605.200
1464915384	646.750
1464915804	631.180
1464916989	642.770
1464917059	612.110
1464917129	619.690
1464917686	622.260
1464917826	625.230
1464918173	644.290
1464918384	604.020
1464918872	696.980
1464919291	944.770
1464919500	644.080
1464920197	620.360
1464920267	623.940
1464920475	680.550
1464920962	691.780
1464921032	607.730
1464921243	691.360
1464921313	602.390
1464921592	620.920
1464921662	641.970
1464922080	658.310
1464922290	622.420
1464922360	603.350
1464922430	657.520
1464923405	609.030
1464923475	626.230
1464923545	617.680
1464924101	769.850
1464924172	623.960
1464924871	606.240
1464925010	605.110
1464925218	644.450
1464926197	630.370
1464926546	634.090
1464926685	629.720
1464926755	633.180
1464927034	612.120
1464928358	1372.840
1464929263	639.680
1464929472	644.930
1464929542	647.010
1464930792	605.480
1464930931	620.150
1464931418	649.710
1464931557	649.330
1464931696	692.060
1464932113	613.740
1464932183	625.440
1464932253	796.320
1464932392	1037.000
1464932533	614.220
1464933227	627.030
1464933644	626.680
1464935239	680.610
1464935797	648.910
1464936283	620.780
1464936492	641.980
1464937186	1106.040
1464937327	642.770
1464937605	636.900
1464937744	661.990
1464937885	636.530
1464938304	644.040
1464939138	670.430
1464939277	635.780
1464939348	632.060
1464939418	693.560
1464939488	705.060
1464939627	621.520
1464941020	611.980
1464941228	615.210
1464941298	603.920
1464942478	621.250
1464942964	706.300
1464943312	649.540
1464943383	633.950
1464943454	613.770
1464944917	645.260
1464945403	766.360
1464945681	637.160
1464947003	682.420
1464947768	1272.280
1464948185	651.420
1464948463	654.780
1464948949	663.410
1464949576	684.090
1464949785	874.240
1464950272	708.470
1464951035	604.500
1464951104	647.690
1464952769	632.590
1464953325	648.120
1464954020	651.680
1464954438	642.230
1464954855	696.430
1464955341	673.560
1464955549	622.180
1464955757	641.620
1464958184	651.130
1464958947	622.560
1464959016	611.430
1464959432	651.570
1464959711	611.240
1464959920	606.160
1464960751	654.960
1464961306	614.310
1464962761	626.590
1464963317	655.900
1464963387	637.660
1464963872	627.200
1464964565	958.690
1464965884	622.270
1464966507	627.320
1464966577	647.440
1464966995	671.960
1464967411	664.470
1464967482	633.390
1464967552	631.820
1464968176	682.990
1464968386	634.920
1464968526	610.910
1464968943	637.970
1464969013	617.940
1464969498	612.650
1464969708	657.820
1464969778	664.630
1464969917	790.180
1464970057	637.340
1464971238	616.910
1464971308	636.790
1464971655	621.550
1464971863	632.480
1464973600	626.450
1464974226	636.640
1464974574	667.270
1464975129	647.480
1464976170	627.980
1464976240	718.680
1464976863	645.790
1464976933	735.970
1464977003	652.050
1464977419	597.750
1464978670	613.990
1464979017	610.640
1464979227	616.250
1464979297	608.690
1464980547	665.940
1464981453	616.070
1464982148	670.990
1464982843	910.020
1464983194	665.420
1464983264	611.890
1464983473	637.870
1464983613	657.200
1464983684	612.810
1464983963	624.830
1464984729	613.370
1464985078	614.490
1464985356	632.170
1464985772	613.040
1464986121	682.430
1464986400	606.480
1464986609	634.950
1464986959	623.700
1464987308	667.330
1464987866	619.690
1464988285	652.860
1464988703	628.810
1464988982	633.610
1464989121	622.550
1464989261	666.990
1464989541	622.060
1464990029	616.860
1464990099	631.540
1464990239	677.750
1464990309	656.870
1464991215	670.810
1464991493	625.500
1464991633	643.390
1464991704	603.440
1464992399	632.040
1464992539	611.220
1464993726	636.740
1464993865	660.570
1464993935	608.100
1464994213	630.300
1464994494	631.070
1464994703	637.050
1464994843	615.870
1464994983	604.500
1464995054	653.170
1464995125	613.570
1464995195	921.440
1464995265	621.710
1464995406	615.360
1464995478	635.010
1464995689	634.080
1464995830	604.210
1464996110	639.580
1464996250	620.930
1464996389	646.640
1464996529	614.440
1464996668	605.120
1464996809	627.410
1464996949	606.750
1464997019	652.460
1464997090	603.640
1464997160	657.820
1464998275	623.700
1464999182	613.250
1464999252	700.130
1464999531	621.090
1465000645	630.110
1465000924	616.340
1465001202	615.710
1465001342	634.740
1465001412	623.930
1465001901	616.310
1465002110	628.370
1465002180	627.260
1465002250	640.960
1465002320	631.060
1465002460	618.900
1465002531	618.250
1465003087	610.110
1465003435	606.640
1465003505	601.700
1465003645	606.620
1465003786	636.350
1465004551	638.000
1465004621	617.640
1465005106	603.200
1465005245	650.910
1465005316	612.330
1465005455	603.890
1465006150	613.540
1465006774	622.160
1465007746	904.830
1465007955	618.850
1465008648	613.620
1465008787	687.440
1465009066	673.670
1465009275	803.420
1465009553	603.470
1465009623	631.110
1465010455	632.310
1465010594	597.200
1465010733	609.150
1465010803	624.580
1465010942	634.220
1465011776	625.040
1465011846	615.850
1465011917	599.070
1465015453	642.430
1465016285	624.620
1465016841	603.960
1465017258	769.090
1465017746	5167.300
1465018038	676.310
1465018246	642.900
1465018316	634.430
1465018733	629.470
1465019289	633.530
1465020052	685.110
1465020747	596.090
1465023936	609.200
1465024283	621.650
1465024768	641.230
1465024976	604.360
1465025670	636.900
1465026432	608.720
1465027541	659.380
1465027611	717.430
1465027750	657.790
1465028165	620.050
1465028375	609.600
1465028722	599.430
1465029485	602.700
1465031220	623.850
1465031845	664.370
1465032401	611.430
1465032471	597.470
1465033025	611.090
1465034413	597.420
1465034968	620.800
1465035246	719.650
1465035317	716.380
1465036426	612.950
1465037539	670.840
1465037956	639.650
1465038582	618.220
1465038859	628.380
1465038929	626.600
1465039206	620.380
1465039345	628.620
1465039693	618.960
1465040804	602.100
1465041013	614.770
1465041498	642.870
1465041913	626.500
1465041983	643.250
1465043095	621.320
1465043165	780.700
1465043236	595.700
1465043375	596.370
1465043583	618.260
1465045385	596.280
1465045731	630.630
1465045870	622.430
1465046355	608.500
1465046978	612.130
1465047465	646.240
1465048088	607.740
1465048366	601.910
1465049267	621.080
1465049337	616.270
1465049476	598.000
1465050031	611.740
1465050101	600.200
1465050379	637.190
1465050934	612.370
1465051282	639.920
1465051560	619.270
1465052322	689.860
1465053362	632.780
1465053986	624.270
1465054682	630.440
1465054752	725.780
1465056557	645.660
1465057321	617.490
1465057806	652.680
1465057876	633.960
1465058223	601.840
1465058778	595.270
1465059333	638.280
1465060097	617.620
1465062389	676.910
1465062945	589.920
1465064268	597.780
1465064894	611.300
1465065033	587.870
1465065103	667.690
1465065590	652.990
1465066632	720.950
1465066702	619.400
1465066981	612.980
1465068096	595.670
1465068931	608.650
1465069838	597.870
1465071513	609.400
1465071652	623.160
1465071723	611.880
1465071794	660.260
1465071864	591.010
1465071933	653.500
1465072003	614.460
1465072073	625.180
1465072559	633.470
1465072769	787.900
1465072839	601.940
1465073188	719.750
1465073398	628.950
1465073468	640.470
1465073539	619.530
1465073610	595.920
1465074307	622.780
1465074378	626.700
1465074449	616.540
1465074937	597.420
1465075008	614.190
1465075079	620.060
1465075218	604.830
1465075289	605.860
1465075498	671.120
1465075708	630.210
1465075916	609.630
1465076890	615.700
1465077098	606.390
1465077239	610.460
1465077517	596.070
1465077656	608.190
1465077726	635.250
1465077867	627.780
1465078216	643.960
1465078634	603.130
1465078844	695.190
1465079124	598.910
1465079751	609.290
1465079821	661.220
1465079891	706.710
1465080032	601.880
1465080241	718.250
1465081077	621.890
1465081287	614.120
1465081358	610.560
1465081568	607.470
1465081847	634.090
1465082128	623.170
1465082268	590.220
1465083034	636.950
1465083314	608.180
1465083593	590.110
1465083663	651.440
1465084429	666.890
1465084638	621.880
1465084708	597.930
1465086029	630.110
1465086169	721.290
1465086309	647.060
1465086588	689.320
1465086727	608.620
1465087423	685.260
1465087493	603.930
1465087564	656.120
1465087843	619.710
1465087982	643.290
1465088122	653.760
1465088331	614.310
1465088540	640.790
1465089028	658.940
1465089239	608.770
1465089518	650.630
1465089728	630.300
1465090147	606.980
1465090286	793.370
1465091677	623.180
1465092026	684.610
1465092235	601.320
1465092305	712.080
1465092863	592.500
1465093072	632.120
1465095155	670.460
1465095294	627.290
1465097101	685.840
1465097171	628.250
1465097934	613.860
1465098628	604.000
1465099186	600.930
1465099325	689.220
1465099810	591.440
1465100019	617.390
1465100506	601.910
1465101199	608.200
1465101545	701.770
1465102101	642.280
1465102171	650.640
1465102379	653.300
1465103007	652.030
1465103285	632.170
1465103426	606.460
1465103704	640.260
1465104258	636.240
1465104397	624.510
1465105091	616.540
1465105161	680.600
1465105995	612.810
1465106204	609.480
1465106344	620.800
1465106691	602.390
1465107732	605.040
1465107801	595.830
1465107871	661.190
1465108011	655.450
1465109331	1007.550
1465109402	620.110
1465109888	595.600
1465111687	602.140
1465111895	630.360
1465112313	612.840
1465112452	600.990
1465113145	607.980
1465113491	674.750
1465113561	622.880
1465113631	601.640
1465114186	596.020
1465114812	611.470
1465115715	611.640
1465115785	622.580
1465117240	676.810
1465118349	604.280
1465118419	611.410
1465118489	643.360
1465118559	664.820
1465119185	657.030
1465120157	600.220
1465120296	589.640
1465120643	611.960
1465121475	666.130
1465121822	639.110
1465122378	617.560
1465123072	635.800
1465123489	632.870
1465123767	650.430
1465124045	621.280
1465124600	631.230
1465124808	599.280
1465126057	615.980
1465126404	604.450
1465126682	607.070
1465127515	644.330
1465130494	600.500
1465130840	607.390
1465131812	615.670
1465132089	609.200
1465133268	595.190
1465134445	604.770
1465134723	621.450
1465134863	619.130
1465136528	620.280
1465136598	594.940
1465136738	600.270
1465136807	652.290
1465137640	658.900
1465137710	638.320
1465137918	621.990
1465139307	598.440
1465139516	604.840
1465139586	631.780
1465140834	636.350
1465142431	605.780
1465145617	624.010
1465145687	613.740
1465145896	644.260
1465146035	609.560
1465146105	622.350
1465146730	645.120
1465148119	606.240
1465148815	624.590
1465149580	658.900
1465150066	647.720
1465150415	608.260
1465150623	616.680
1465150903	622.220
1465151459	655.380
1465151670	598.030
1465152297	602.470
1465152368	600.300
1465152438	592.980
1465152855	605.380
1465152994	598.300
1465153065	902.400
1465153345	625.140
1465153484	665.050
1465154252	601.570
1465154462	607.660
1465154601	621.920
1465154743	619.240
1465155369	595.080
1465155715	601.970
1465155855	690.830
1465155995	601.050
1465156065	606.430
1465156205	591.140
1465156692	621.310
1465156762	915.950
1465156902	597.020
1465157043	603.690
1465157251	619.580
1465157321	804.530
1465158018	957.740
1465158645	601.860
1465158785	611.120
1465159136	643.750
1465159206	603.290
1465159486	598.440
1465159557	607.090
1465160392	937.580
1465160531	695.310
1465160601	646.560
1465160671	652.010
1465161160	609.920
1465161230	609.290
1465161301	619.970
1465161372	612.480
1465161442	592.520
1465162207	620.300
1465162277	659.050
1465162486	639.770
1465163393	597.160
1465163534	614.560
1465163881	621.120
1465165068	677.180
1465165138	639.670
1465165348	605.410
1465165627	595.890
1465165906	602.150
1465166046	643.600
1465167026	608.370
1465167096	608.960
1465167515	608.960
1465167864	624.010
1465168003	595.950
1465168142	644.160
1465168282	619.050
1465168352	666.990
1465168980	616.500
1465169258	696.670
1465169468	662.420
1465169957	605.210
1465170445	604.080
1465170725	605.030
1465171143	629.020
1465171282	632.240
1465171352	651.780
1465172463	607.920
1465172672	613.880
1465173718	642.970
1465174692	702.900
1465176018	606.240
1465176507	604.900
1465176577	676.280
1465177273	613.580
1465177344	607.430
1465177692	597.460
1465178180	602.340
1465178459	662.580
1465178668	708.380
1465178739	595.880
1465178878	710.320
1465179436	622.070
1465180483	628.980
1465182153	617.390
1465182293	692.040
1465182363	610.210
1465182433	618.470
1465182991	604.220
1465183478	624.320
1465183617	607.350
1465183897	621.900
1465184592	637.670
1465184801	598.890
1465184872	631.960
1465185498	645.770
1465186192	645.810
1465186263	619.680
1465186333	621.420
1465186403	654.490
1465187309	634.130
1465187657	760.560
1465187865	641.060
1465188284	651.340
1465188424	684.100
1465188633	639.600
1465189191	666.840
1465189400	652.880
1465190374	611.420
1465190444	624.340
1465190653	628.050
1465191554	687.750
1465191764	613.100
1465191833	616.160
1465192319	663.630
1465193221	606.650
1465193362	644.520
1465194684	660.800
1465194894	628.250
1465196214	625.350
1465196563	674.060
1465196633	686.760
1465196843	614.870
1465197399	650.430
1465197957	641.650
1465198375	647.670
1465198725	747.440
1465198864	621.360
1465198935	714.670
1465199628	716.430
1465200533	633.890
1465200672	627.080
1465201507	689.860
1465202135	649.760
1465202345	630.260
1465202415	643.000
1465202485	635.240
1465202625	635.320
1465202833	722.400
1465202903	619.600
1465202973	651.890
1465203043	615.260
1465204085	629.190
1465204849	605.480
1465205823	629.130
1465206242	613.330
1465206451	640.380
1465206661	603.950
1465208259	688.470
1465208744	622.020
1465209162	617.100
1465209372	624.890
1465209791	611.890
1465210069	683.080
1465211317	608.680
1465211943	634.190
1465212429	665.760
1465213470	615.060
1465213955	662.670
1465214095	684.900
1465214513	610.660
1465215554	628.190
1465216249	605.430
1465216735	636.550
1465217290	613.230
1465217845	635.890
1465217915	604.250
1465218884	648.580
1465219371	624.070
1465219579	652.440
1465219649	660.800
1465220205	604.310
1465220275	693.870
1465220830	624.110
1465223191	784.800
1465223885	667.680
1465224926	628.440
1465226661	610.170
1465227704	629.340
1465228191	735.340
1465228469	632.590
1465228679	628.270
1465228889	603.540
1465229098	616.130
1465229514	603.480
1465229585	702.660
1465230627	645.250
1465230904	622.390
1465232430	602.950
1465232916	611.830
1465233403	609.850
1465235416	627.970
1465236530	677.940
1465236878	704.970
1465237020	613.220
1465237997	649.810
1465238136	622.890
1465238275	653.800
1465238345	640.360
1465238415	670.250
1465238695	610.810
1465239670	619.510
1465240437	612.110
1465240506	664.830
1465240577	630.020
1465241341	645.090
1465242037	657.450
1465242107	649.240
1465242177	629.470
1465242247	598.760
1465242594	602.810
1465242803	622.810
1465243708	613.680
1465243848	605.670
1465243918	726.100
1465244266	603.370
1465245171	648.170
1465245519	657.120
1465246079	628.020
1465246290	621.850
1465246361	650.940
1465246571	621.060
1465246711	618.500
1465246851	603.210
1465247061	685.060
1465247202	619.840
1465247271	640.000
1465247341	628.360
1465248248	687.600
1465248808	613.160
1465249157	611.370
1465249227	635.270
1465249507	663.060
1465249578	618.370
1465249856	639.270
1465250067	630.400
1465250137	642.440
1465250416	693.550
1465250626	614.480
1465250696	657.260
1465250766	605.160
1465250836	679.180
1465250978	814.640
1465251676	655.840
1465251885	739.770
1465252236	624.760
1465252517	619.150
1465252936	635.560
1465253356	604.520
1465253426	628.820
1465253566	630.130
1465253636	623.850
1465253707	616.980
1465253846	623.210
1465253986	607.930
1465254196	605.170
1465254266	628.390
1465254336	796.370
1465254406	637.980
1465254476	664.760
1465254546	630.740
1465254893	612.090
1465255242	604.240
1465255381	655.590
1465255452	707.060
1465255870	714.130
1465255941	604.070
1465257124	708.600
1465257195	674.250
1465257265	630.730
1465257406	603.740
1465257546	724.520
1465257966	617.960
1465258315	607.500
1465258524	668.990
1465258595	620.020
1465258804	602.600
1465259293	636.380
1465259363	657.450
1465259852	960.200
1465260061	631.110
1465260132	618.450
1465260413	605.150
1465260761	613.950
1465260901	616.890
1465261597	877.030
1465262086	652.970
1465262574	605.570
1465262854	617.520
1465262924	666.620
1465263134	700.480
1465263275	624.730
1465263345	634.710
1465263485	614.070
1465263694	613.510
1465264249	610.020
1465264807	610.840
1465264877	619.240
1465265016	628.490
1465265087	602.860
1465265643	628.590
1465266061	604.370
1465267244	615.590
1465267314	658.720
1465267944	603.030
1465268084	631.730
1465268362	637.150
1465268639	647.320
1465268709	642.140
1465268920	617.620
1465269267	639.070
1465269546	612.130
1465270382	607.420
1465271216	614.730
1465271286	609.440
1465271495	660.770
1465272124	639.620
1465272958	626.920
1465273166	609.260
1465273724	695.090
1465274002	650.000
1465275119	628.740
1465275258	639.860
1465275816	609.300
1465275956	669.600
1465276723	619.990
1465278253	610.410
1465278323	635.180
1465279022	613.780
1465279372	677.410
1465279580	641.810
1465279721	657.490
1465279791	644.270
1465280419	633.110
1465280627	663.700
1465280698	676.980
1465281464	639.050
1465281952	639.170
1465282232	606.650
1465282581	619.980
1465282793	616.160
1465283003	615.150
1465283143	611.790
1465283563	615.830
1465283982	612.910
1465285930	684.760
1465286000	608.180
1465286070	628.020
1465286141	621.680
1465286629	616.840
1465286838	616.270
1465288579	610.790
1465288718	677.120
1465289621	667.680
1465290178	632.120
1465290247	669.440
1465291504	606.910
1465291643	620.700
1465291922	614.270
1465292063	611.950
1465292133	657.920
1465292343	681.500
1465292413	610.070
1465292552	624.530
1465292692	653.620
1465292762	605.550
1465293040	616.870
1465293391	624.970
1465293599	867.880
1465294018	606.130
1465294575	742.130
1465294784	673.720
1465295065	653.860
1465296041	620.520
1465296944	683.130
1465297084	632.340
1465298058	607.690
1465298405	623.660
1465298893	609.960
1465299380	618.810
1465300285	646.820
1465300564	604.130
1465300912	619.660
1465301678	624.810
1465301748	602.400
1465302095	614.170
1465302582	610.620
1465302931	613.730
1465303278	637.130
1465303694	620.750
1465303973	656.350
1465304530	619.970
1465304671	670.930
1465304741	606.380
1465304811	613.580
1465304880	622.820
1465305022	622.060
1465305162	669.540
1465305302	644.920
1465305789	619.290
1465305930	605.780
1465306207	626.950
1465307875	603.410
1465308014	624.940
1465308153	632.520
1465308501	610.040
1465308710	614.590
1465309196	625.750
1465309754	629.700
1465309824	649.770
1465309963	636.480
1465310313	612.140
1465311219	676.840
1465311567	645.180
1465312121	628.840
1465312330	621.440
1465312469	629.170
1465312885	628.700
1465313093	639.730
1465313649	633.610
1465315040	697.950
1465315249	624.480
1465315874	657.840
1465316361	648.700
1465316712	607.390
1465317616	661.450
1465317895	611.530
1465318312	610.770
1465318451	627.040
1465318521	617.440
1465318799	627.830
1465319496	620.160
1465320684	621.230
1465320894	619.940
1465320965	641.410
1465321104	616.910
1465321384	614.610
1465321456	910.760
1465321666	624.490
1465321735	673.760
1465321805	606.840
1465322432	615.880
1465322502	611.470
1465322923	634.700
1465323064	683.240
1465323343	605.570
1465324464	616.600
1465324674	639.340
1465324745	618.220
1465325232	698.250
1465325446	619.020
1465325655	642.420
1465326006	642.380
1465326076	625.670
1465326145	651.070
1465326355	674.580
1465326425	838.180
1465326706	608.710
1465326988	617.270
1465327059	960.400
1465327200	604.560
1465327270	611.910
1465327481	639.030
1465327551	611.280
1465327691	635.260
1465328040	936.890
1465328110	631.310
1465328390	648.670
1465328740	666.330
1465328951	610.270
1465329022	629.990
1465329513	687.840
1465330144	623.750
1465330215	722.010
1465330286	751.560
1465330356	631.150
1465330496	619.630
1465330637	603.770
1465330778	663.690
1465330988	619.850
1465331410	638.140
1465331552	626.300
1465331623	617.340
1465331973	616.630
1465332675	632.640
1465333164	1266.630
1465333236	646.330
1465333446	610.550
1465333516	655.230
1465333656	609.760
1465333727	617.900
1465333799	607.790
1465333940	629.310
1465334082	613.590
1465334294	617.040
1465334365	610.820
1465334506	620.190
1465334576	774.150
1465334647	629.040
1465335066	613.510
1465335206	614.010
1465335766	605.600
1465335837	617.390
1465335909	604.710
1465336191	629.710
1465336261	606.310
1465336332	627.000
1465336474	613.110
1465336682	684.840
1465336825	674.900
1465336895	684.100
1465336967	609.900
1465337178	632.660
1465337319	635.070
1465337390	607.800
1465337671	621.450
1465337880	660.330
1465338020	636.290
1465338090	604.050
1465338161	651.950
1465338301	633.050
1465338442	616.780
1465338725	607.290
1465338796	627.800
1465339007	613.780
1465339148	622.870
1465339220	625.910
1465339291	608.110
1465339362	612.090
1465339433	645.330
1465339504	618.270
1465339715	626.540
1465339928	655.270
1465339998	622.890
1465340068	623.270
1465340208	627.820
1465340281	666.160
1465340423	624.000
1465340565	642.070
1465340778	620.670
1465340849	630.760
1465340920	612.540
1465341060	1008.490
1465341132	636.470
1465341553	658.770
1465341696	632.000
1465341767	612.210
1465341978	603.990
1465342049	623.290
1465342120	607.010
1465342191	628.150
1465342262	636.250
1465342331	635.080
1465342684	616.540
1465342824	604.480
1465342964	628.900
1465343244	606.340
1465343455	641.850
1465343668	616.410
1465343739	634.020
1465343878	603.990
1465344090	601.510
1465344161	614.080
1465344300	624.330
1465344440	641.700
1465344722	611.080
1465345002	625.090
1465345074	617.600
1465345216	697.720
1465345286	630.800
1465345356	713.750
1465345708	615.410
1465345778	981.380
1465345988	604.890
1465346128	629.750
1465346547	661.820
1465346687	619.050
1465346969	621.860
1465347040	662.510
1465347389	606.950
1465347461	611.960
1465347885	605.570
1465347956	689.480
1465348095	612.410
1465348166	618.990
1465348447	612.960
1465348588	628.030
1465348936	620.450
1465349007	612.830
1465350193	610.100
1465350264	651.060
1465350544	605.800
1465350614	676.630
1465351314	610.770
1465351454	625.770
1465351733	605.890
1465352015	610.660
1465352085	624.420
1465352992	628.810
1465353201	635.530
1465353482	1098.580
1465353972	643.350
1465354113	647.820
1465354185	620.040
1465354465	627.950
1465354675	622.420
1465355232	671.040
1465355304	620.200
1465355515	624.430
1465355587	658.120
1465355658	624.370
1465355867	625.040
1465356078	665.910
1465356498	629.260
1465356919	621.080
1465357267	621.980
1465357337	1031.030
1465357408	645.670
1465357549	966.580
1465357758	635.200
1465358036	612.730
1465358107	997.750
1465358250	615.210
1465358391	611.260
1465358461	613.090
1465358812	606.600
1465359161	652.450
1465359233	625.470
1465359582	603.800
1465360002	654.580
1465360073	608.510
1465360143	629.190
1465360213	635.270
1465360354	625.750
1465360563	660.420
1465360634	667.000
1465360774	640.990
1465360983	611.840
1465361123	637.000
1465361472	652.150
1465361612	611.230
1465361821	615.230
1465361892	657.140
1465362173	911.180
1465362243	613.540
1465362313	612.000
1465362665	611.910
1465362875	748.940
1465362946	616.400
1465363086	641.380
1465363226	626.650
1465363366	605.040
1465363578	605.160
1465363648	655.990
1465363718	604.340
1465363860	608.490
1465364001	606.350
1465364141	599.900
1465364212	1127.000
1465364424	615.950
1465364564	662.250
1465364981	604.640
1465365611	629.350
1465365960	605.420
1465366731	609.950
1465366940	614.490
1465367850	645.130
1465368201	605.400
1465368271	650.190
1465368342	614.000
1465368554	604.370
1465368623	629.590
1465369042	618.920
1465369529	604.570
1465369737	619.540
1465370085	618.120
1465370295	781.640
1465370505	1041.200
1465370645	1006.750
1465370716	613.680
1465370857	618.340
1465370927	617.790
1465371417	619.880
1465372112	620.170
1465372808	679.700
1465372878	614.000
1465373020	619.990
1465373511	668.860
1465373582	892.680
1465373652	636.360
1465373931	632.240
1465374001	610.470
1465374071	629.110
1465374628	634.570
1465374837	622.760
1465374977	661.450
1465375325	637.250
1465375464	683.650
1465375952	625.240
1465376160	622.470
1465376299	648.430
1465376578	627.550
1465376718	605.680
1465378248	650.680
1465379088	659.100
1465379159	608.420
1465379230	617.150
1465379370	644.690
1465379441	612.820
1465379580	612.230
1465379721	614.390
1465379860	697.460
1465380071	626.850
1465380283	615.530
1465380353	631.230
1465380701	639.290
1465380981	606.800
1465381122	656.800
1465381331	658.620
1465381402	606.240
1465381472	621.190
1465381542	628.550
1465381752	605.180
1465381961	614.210
1465382100	623.100
1465382240	663.990
1465382519	632.520
1465382659	703.000
1465382729	642.750
1465383147	610.850
1465383356	658.700
1465383567	628.780
1465384471	617.170
1465384542	667.200
1465384682	639.130
1465384752	636.360
1465384822	600.320
1465384893	619.300
1465385033	613.960
1465385175	618.340
1465385454	605.250
1465386221	610.850
1465386361	625.620
1465387339	660.580
1465388313	629.650
1465388733	616.550
1465388874	693.920
1465389292	622.250
1465389641	619.660
1465391174	633.020
1465391313	665.610
1465391383	629.360
1465391662	638.270
1465391733	622.940
1465391942	703.310
1465392082	874.270
1465392153	611.800
1465392223	628.510
1465392293	614.010
1465392362	604.990
1465392710	604.470
1465392849	656.110
1465392988	630.270
1465393683	631.840
1465394448	610.010
1465394588	673.780
1465394658	636.930
1465394728	657.260
1465394867	625.340
1465395007	627.860
1465395078	646.440
1465395982	627.470
1465396399	627.820
1465396887	668.380
1465397027	613.640
1465397375	613.560
1465397516	616.590
1465397725	850.670
1465397865	618.930
1465398075	653.520
1465398214	607.620
1465398423	612.040
1465398563	671.820
1465400443	660.350
1465400862	665.890
1465400933	634.990
1465401003	641.330
1465401631	640.040
1465402188	796.310
1465402466	673.400
1465403789	649.000
1465404347	636.970
1465404765	632.840
1465405182	624.690
1465406089	650.340
1465406578	662.850
1465406718	632.090
1465406789	635.510
1465408043	622.590
1465408113	609.820
1465408671	597.880
1465409367	656.290
1465409508	754.880
1465409578	609.830
1465409788	618.820
1465409860	609.270
1465409929	624.890
1465410068	624.930
1465410209	614.380
1465410279	612.610
1465410488	659.970
1465410558	856.860
1465410769	619.700
1465410909	687.780
1465411328	638.960
1465411607	621.390
1465411817	935.240
1465412237	918.220
1465412587	607.160
1465412936	624.020
1465413075	605.910
1465413496	878.650
1465413638	684.440
1465413709	660.110
1465413780	612.460
1465413849	659.800
1465414060	609.190
1465414130	619.990
1465414200	642.780
1465414271	616.620
1465414482	761.360
1465414971	608.440
1465415319	610.190
1465415597	631.270
1465415880	612.670
1465415950	618.650
1465416159	637.080
1465416299	628.280
1465416439	611.670
1465417208	619.540
1465417349	643.510
1465417491	604.940
1465417560	942.130
1465417770	646.970
1465417912	616.560
1465417983	631.030
1465418053	605.480
1465418123	599.490
1465418194	619.650
1465418265	641.430
1465418474	605.370
1465418614	653.430
1465418685	605.330
1465418755	612.820
1465418827	612.040
1465419109	603.920
1465419180	634.070
1465419391	641.590
1465419461	639.500
1465419602	617.590
1465419672	661.390
1465419881	607.290
1465420161	649.400
1465420231	605.370
1465420441	638.590
1465420581	614.310
1465421002	959.530
1465421423	631.010
1465421565	605.430
1465421705	605.990
1465421915	614.150
1465422125	630.190
1465422197	630.040
1465422477	644.090
1465422548	1872.190
1465422619	697.140
1465422761	610.020
1465423039	645.270
1465423179	625.250
1465423320	647.140
1465423670	612.870
1465424158	920.160
1465424299	1006.690
1465424787	605.130
1465424859	620.960
1465425070	612.880
1465425140	606.250
1465425210	652.350
1465425281	625.700
1465425564	636.710
1465425634	645.090
1465425845	626.620
1465425915	612.780
1465426056	620.560
1465426128	605.430
1465426340	613.910
1465426480	682.190
1465426621	620.190
1465426691	726.290
1465426761	604.050
1465427110	615.780
1465427180	643.200
1465427321	660.060
1465427392	734.990
1465427463	615.960
1465427533	627.810
1465427673	684.400
1465427952	636.630
1465428233	702.940
1465428443	605.750
1465428583	612.010
1465428724	610.480
1465428794	627.640
1465429144	680.730
1465429215	613.380
1465429496	632.440
1465429707	613.340
1465430128	613.540
1465430198	864.320
1465430269	617.410
1465430339	646.430
1465430409	623.600
1465430619	613.310
1465430690	613.150
1465430762	612.570
1465430834	645.930
1465430906	600.870
1465430978	623.600
1465431050	622.230
1465431122	609.660
1465431196	621.320
1465431268	622.950
1465431340	629.220
1465431412	599.670
1465431556	608.540
1465431626	611.730
1465431768	613.630
1465431840	634.390
1465431982	623.840
1465432054	655.910
1465432126	618.160
1465432198	632.900
1465432270	613.470
1465432342	821.560
1465432485	617.690
1465432557	615.920
1465432628	603.510
1465432700	1137.680
1465432772	605.810
1465432844	671.730
1465432916	635.250
1465432988	665.040
1465433060	627.930
1465433132	629.980
1465433204	633.850
1465433276	611.950
1465433348	632.530
1465433420	610.090
1465433492	628.590
1465433564	616.390
1465433706	610.820
1465433778	630.130
1465433851	626.910
1465433923	612.550
1465433995	604.290
1465434067	622.360
1465434139	614.610
1465434282	605.450
1465434353	602.870
1465434496	617.550
1465434568	601.770
1465434639	634.570
1465434711	606.080
1465434784	613.430
1465434855	616.730
1465435067	639.520
1465435138	612.960
1465435280	616.610
1465435492	605.560
1465435564	615.120
1465435636	628.950
1465435707	605.640
1465435778	669.490
1465435850	618.100
1465435922	635.490
1465435994	611.710
1465436066	657.170
1465436138	621.150
1465436210	609.260
1465436282	605.460
1465436424	603.920
1465436496	620.510
1465436568	663.940
1465436781	614.200
1465436922	613.540
1465436994	604.220
1465437066	627.760
1465437208	626.880
1465437279	612.000
1465437351	618.660
1465437495	628.240
1465437567	606.800
1465437638	620.070
1465437709	618.970
1465437781	615.910
1465437853	616.500
1465437995	601.430
1465438066	604.460
1465438138	614.300
1465438211	645.010
1465438283	606.190
1465438355	651.440
1465438566	619.860
1465438707	607.720
1465438779	605.210
1465438988	604.220
1465439059	612.530
1465439199	614.860
1465439550	616.480
1465439691	626.420
1465439764	614.980
1465439976	626.790
1465440047	613.650
1465440188	605.260
1465440260	621.810
1465440332	735.900
1465440616	613.370
1465440686	628.650
1465440757	629.540
1465440899	612.050
1465440971	643.860
1465441043	613.500
1465441115	615.110
1465441187	613.150
1465441259	612.390
1465441331	614.350
1465441403	606.000
1465441475	604.550
1465441545	804.080
1465441617	617.080
1465441688	611.010
1465441760	612.290
1465441832	605.890
1465441904	605.140
1465442116	634.340
1465442188	627.610
1465442260	616.030
1465442332	713.200
1465442404	605.300
1465442475	605.400
1465442828	613.700
1465443177	603.640
1465443249	613.720
1465443529	604.620
1465443739	618.520
1465443811	606.950
1465443882	610.250
1465443952	623.050
1465444444	635.350
1465444654	615.020
1465444725	615.480
1465444865	638.430
1465444935	611.540
1465445007	605.090
1465445150	798.780
1465445361	620.530
1465445503	610.430
1465445782	607.620
1465445922	621.320
1465446476	654.680
1465446546	612.300
1465446756	695.640
1465446825	612.240
1465447035	634.770
1465447315	628.440
1465447943	603.670
1465448082	875.080
1465448711	620.790
1465449131	627.180
1465449410	633.560
1465449689	612.780
1465449900	697.340
1465450250	657.830
1465451362	609.220
1465451641	767.120
1465452058	606.290
1465452199	603.890
1465452270	685.730
1465453381	621.860
1465454009	611.750
1465454148	612.710
1465454218	626.860
1465454358	612.700
1465454498	679.050
1465454568	610.780
1465454638	644.700
1465454709	653.180
1465455683	625.600
1465456518	626.600
1465457352	636.010
1465457423	636.030
1465457493	677.950
1465457632	606.840
1465457842	664.510
1465458121	640.710
1465458261	724.830
1465458331	614.410
1465458680	619.880
1465458888	607.590
1465459027	631.660
1465459236	607.680
1465459793	622.230
1465460210	657.840
1465461394	678.880
1465461533	609.020
1465461673	648.810
1465461743	639.060
1465461952	640.140
1465462579	612.230
1465462856	606.850
1465463066	606.220
1465463137	613.240
1465463207	638.540
1465463486	635.830
1465464114	626.340
1465464600	627.040
1465465158	780.880
1465465228	682.760
1465465367	685.530
1465465645	656.200
1465465854	617.910
1465465994	637.360
1465466484	779.180
1465467178	605.650
1465467527	608.260
1465467807	613.640
1465467948	621.940
1465468157	625.910
1465468922	619.540
1465469061	619.570
1465469548	607.970
1465469687	636.450
1465469828	1056.050
1465470314	605.070
1465470593	649.570
1465470802	847.770
1465470944	625.820
1465471084	673.720
1465471154	614.810
1465471362	634.450
1465471709	624.790
1465471987	607.850
1465472128	613.420
1465472267	605.520
1465472894	638.890
1465473520	604.750
1465473868	726.600
1465474147	777.380
1465474218	644.680
1465474288	619.160
1465474496	603.820
1465475053	612.960
1465475123	673.960
1465475264	604.820
1465475473	622.290
1465476241	604.880
1465477421	605.210
1465477491	625.240
1465477631	625.460
1465477911	624.960
1465478260	606.680
1465478608	904.800
1465479023	629.260
1465479301	618.590
1465479372	609.560
1465479443	604.220
1465479651	614.700
1465480419	620.870
1465480559	622.160
1465480629	618.580
1465480769	669.980
1465481538	604.910
1465481677	620.200
1465481817	608.080
1465482375	642.070
1465482445	637.320
1465482655	604.820
1465482726	628.190
1465482867	612.520
1465483492	630.730
1465484257	652.970
1465485021	605.240
1465485509	637.520
1465485579	643.610
1465486137	615.250
1465487248	630.320
1465487459	610.870
1465487599	671.850
1465488156	606.310
1465488368	613.350
1465488509	638.760
1465488580	607.430
1465490458	634.580
1465490529	628.070
1465490599	621.290
1465491437	620.380
1465491785	608.570
1465491993	626.290
1465492968	662.670
1465493456	616.960
1465494084	606.530
1465494154	634.350
1465494293	613.800
1465494434	622.900
1465494781	611.630
1465495059	614.980
1465495409	1001.720
1465495551	612.070
1465495621	939.270
1465495691	618.750
1465497090	604.310
1465497230	754.140
1465497509	606.110
1465497928	622.910
1465497998	615.170
1465498486	608.790
1465498835	610.650
1465498905	606.570
1465499045	656.360
1465499255	832.690
1465499325	1060.910
1465499606	616.910
1465499746	615.060
1465499818	652.610
1465499889	612.380
1465500101	614.470
1465500241	612.470
1465500311	1096.860
1465500871	621.920
1465501082	689.890
1465501153	607.840
1465501293	721.330
1465501363	643.480
1465501573	678.570
1465501782	604.470
1465502062	624.310
1465502273	644.400
1465502553	624.360
1465502764	612.210
1465502975	614.760
1465503115	626.340
1465503257	623.530
1465503607	620.050
1465503957	609.610
1465504165	619.880
1465504376	652.560
1465504587	617.570
1465504657	614.090
1465504799	618.580
1465504871	614.600
1465505011	960.740
1465505223	617.060
1465505294	611.320
1465506133	617.840
1465506204	633.740
1465506346	635.560
1465506556	649.840
1465506698	629.720
1465507118	637.640
1465507189	639.510
1465507261	650.200
1465507401	618.170
1465507471	605.160
1465507612	638.650
1465507682	654.990
1465507823	621.990
1465508103	640.070
1465508243	696.840
1465508313	620.140
1465508384	630.710
1465508733	628.690
1465508876	608.460
1465508947	613.070
1465509087	640.650
1465509156	738.060
1465509296	606.260
1465509855	625.880
1465510485	625.790
1465510557	661.150
1465510769	609.790
1465510909	606.290
1465510980	605.310
1465511051	605.920
1465511331	619.960
1465511401	671.800
1465511541	607.980
1465511750	633.520
1465511890	610.330
1465512168	604.410
1465512378	653.020
1465512590	611.150
1465513080	615.100
1465513220	646.760
1465513641	816.690
1465513712	884.130
1465513783	615.030
1465513992	627.810
1465514063	836.540
1465514204	721.310
1465514275	618.380
1465514417	639.070
1465514557	654.760
1465514697	622.520
1465514768	643.930
1465514910	617.710
1465515050	626.480
1465515121	654.980
1465515262	617.840
1465515333	684.320
1465515686	1116.850
1465515827	604.450
1465516037	628.800
1465516459	612.770
1465516529	624.290
1465516741	669.130
1465517509	605.050
1465517650	676.230
1465517720	606.570
1465517930	603.740
1465518280	604.300
1465518492	605.690
1465518632	618.860
1465518702	650.280
1465518982	611.100
1465519123	623.490
1465519678	604.500
1465519818	604.500
1465520376	613.620
1465520517	612.530
1465520657	615.230
1465520799	638.300
1465521010	637.450
1465521359	655.270
1465521499	615.970
1465522057	611.360
1465522127	609.140
1465522197	620.950
1465522406	617.640
1465522616	607.580
1465523174	612.340
1465523523	615.530
1465523664	605.760
1465523943	613.700
1465524014	633.900
1465524366	629.730
1465524436	625.130
1465524715	628.430
1465524785	654.680
1465524993	623.790
1465525063	610.310
1465525202	613.230
1465526176	636.550
1465526247	631.290
1465526527	610.450
1465526597	611.030
1465527156	616.190
1465527366	663.630
1465527507	628.610
1465527926	647.830
1465528205	605.580
1465528415	634.260
1465528486	665.580
1465528764	635.630
1465528904	611.470
1465529390	655.480
1465529529	607.310
1465530992	671.000
1465531203	1032.880
1465531552	624.610
1465531692	613.600
1465532320	668.670
1465532946	619.360
1465533366	615.090
1465533991	986.940
1465534271	619.980
1465534828	649.880
1465535245	614.920
1465536078	621.840
1465536634	631.000
1465536843	605.530
1465537192	605.340
1465537681	612.590
1465538098	629.610
1465538378	629.880
1465538448	694.800
1465538588	683.810
1465538658	628.780
1465538938	624.660
1465539008	656.440
1465539286	622.230
1465539356	677.720
1465539495	648.770
1465540469	626.320
1465541166	623.950
1465541237	987.000
1465541655	639.840
1465541795	607.980
1465542074	704.270
1465542701	645.790
1465542772	626.970
1465542912	701.370
1465543331	650.090
1465543471	612.730
1465544166	631.910
1465544514	623.870
1465544792	606.930
1465544862	737.830
1465545003	628.980
1465545421	629.860
1465545838	608.540
1465546118	627.550
1465546742	621.770
1465546812	721.160
1465546882	618.650
1465547370	612.280
1465547788	638.540
1465548205	640.130
1465548483	634.180
1465548553	632.880
1465548623	615.970
1465549874	619.200
1465551261	618.660
1465551471	642.190
1465551542	645.780
1465552099	615.390
1465552169	771.090
1465552240	604.600
1465552379	685.710
1465552449	612.320
1465552798	663.900
1465553288	604.790
1465553567	626.400
1465553845	627.710
1465554401	1020.610
1465554543	1095.180
1465555725	643.860
1465556074	614.550
1465557119	613.470
1465557258	613.330
1465557397	611.170
1465557606	639.320
1465557885	637.720
1465557955	841.960
1465558094	603.670
1465558655	634.080
1465559211	625.570
1465559351	636.560
1465559560	665.550
1465560258	645.080
1465561024	603.940
1465561164	607.750
1465561511	636.140
1465561581	610.100
1465562207	638.330
1465562833	722.050
1465563114	613.650
1465563465	609.830
1465563883	606.350
1465564439	622.220
1465564648	642.660
1465564787	875.140
1465564997	628.250
1465565414	629.300
1465565624	621.030
1465565763	620.350
1465566390	636.220
1465566945	617.910
1465567712	696.150
1465567921	604.260
1465568130	854.100
1465568201	681.080
1465568480	650.140
1465570222	606.090
1465571962	661.800
1465573007	663.110
1465573077	614.910
1465573495	621.760
1465574121	679.030
1465574261	658.670
1465574331	627.400
1465574401	650.030
1465574471	622.970
1465575374	655.340
1465575793	614.670
1465575933	628.820
1465576211	626.740
1465576490	613.700
1465577046	604.300
1465577186	628.760
1465577465	611.550
1465577813	613.330
1465577883	645.650
1465577953	641.580
1465578095	607.740
1465578166	652.020
1465578236	613.450
1465578307	610.010
1465578377	609.360
1465578447	618.490
1465578587	642.840
1465578657	645.030
1465579006	628.630
1465579634	640.190
1465580610	621.680
1465581028	644.580
1465581097	622.900
1465581376	612.350
1465581587	1004.580
1465581658	604.080
1465581728	692.200
1465581867	1085.270
1465582077	672.940
1465582148	661.230
1465582712	650.210
1465583270	614.730
1465583575	9514.610
1465583726	611.440
1465584005	630.930
1465584504	924.640
1465584714	604.460
1465584856	642.020
1465584927	620.430
1465585138	638.090
1465585279	625.160
1465586397	612.520
1465586536	658.700
1465586606	642.220
1465586747	622.500
1465587377	686.460
1465587587	614.210
1465587727	608.830
1465588078	643.130
1465588708	606.670
1465588779	614.520
1465588849	621.180
1465588919	630.040
1465588989	629.020
1465589687	604.900
1465589757	638.960
1465589966	618.450
1465590037	625.370
1465590108	611.240
1465590178	605.020
1465590249	632.610
1465590459	619.810
1465590599	669.850
1465590738	617.240
1465591089	617.700
1465591228	1908.310
1465591371	605.040
1465591722	604.930
1465592003	617.300
1465592074	744.060
1465592564	612.920
1465592705	2137.400
1465592777	611.580
1465592847	610.140
1465592988	616.430
1465593059	623.430
1465593408	635.450
1465593480	605.750
1465593551	1077.470
1465593693	626.250
1465593832	617.510
1465593972	604.180
1465594251	605.540
1465594321	657.070
1465594393	603.970
1465594464	629.840
1465594676	642.650
1465594747	631.060
1465594958	650.410
1465595097	617.710
1465595238	627.820
1465595868	614.440
1465595938	648.450
1465596356	610.900
1465596637	610.980
1465596707	821.360
1465597057	866.300
1465597198	625.280
1465597339	609.920
1465597479	606.090
1465597550	681.100
1465597691	614.230
1465597834	615.110
1465597904	654.200
1465598044	632.300
1465598184	628.980
1465598254	617.390
1465598395	629.360
1465598677	646.640
1465598818	640.680
1465598889	626.510
1465599378	633.020
1465599449	616.380
1465599728	612.150
1465599871	635.880
1465600152	634.700
1465600292	626.780
1465600362	602.900
1465600502	603.890
1465600644	628.020
1465600785	626.540
1465600926	605.280
1465601068	651.140
1465601139	666.930
1465601488	604.110
1465601559	606.190
1465601700	606.810
1465601842	610.090
1465601984	599.280
1465602054	616.670
1465602195	626.870
1465602336	749.300
1465602686	643.990
1465602897	622.840
1465603037	642.900
1465603108	632.400
1465603179	604.770
1465603390	607.290
1465603461	608.990
1465603533	616.700
1465603743	683.090
1465604097	614.230
1465604168	603.600
1465604239	731.520
1465604449	617.790
1465604590	610.680
1465604730	632.600
1465605359	657.830
1465605569	730.900
1465605640	628.690
1465605710	654.000
1465605780	613.990
1465605920	619.110
1465606339	615.810
1465606549	663.920
1465606620	632.600
1465606760	658.750
1465606901	619.230
1465607042	605.540
1465607322	847.520
1465607603	611.900
1465608019	627.950
1465608089	615.660
1465608438	603.980
1465608720	630.240
1465609279	604.240
1465609349	612.290
1465609559	698.990
1465609629	612.770
1465609699	619.770
1465609770	627.500
1465609909	667.420
1465610049	612.910
1465610119	616.560
1465610259	620.100
1465610399	633.030
1465610469	615.190
1465610748	607.980
1465611448	609.610
1465611938	648.000
1465612218	626.370
1465612498	658.380
1465612568	613.430
1465612639	677.990
1465612848	625.630
1465612919	612.780
1465613198	617.680
1465613408	633.520
1465613755	636.020
1465613965	613.640
1465614173	627.090
1465614521	626.840
1465614659	641.360
1465614799	644.280
1465615009	618.420
1465615288	613.520
1465615568	639.640
1465615708	631.600
1465616199	612.240
1465616269	610.290
1465616340	646.220
1465616410	630.850
1465616481	608.950
1465616552	650.060
1465616970	609.130
1465617390	665.430
1465617461	604.870
1465617811	610.870
1465618645	618.870
1465618784	613.150
1465618993	622.650
1465619482	663.860
1465621152	1643.640
1465621783	613.090
1465621993	646.710
1465622063	648.040
1465622133	627.890
1465622274	604.880
1465622762	604.200
1465622903	609.400
1465623950	620.230
1465624161	635.080
1465624372	611.750
1465624512	658.640
1465624863	604.160
1465624933	606.210
1465625701	613.400
1465625910	653.740
1465626466	623.540
1465626814	633.440
1465626885	627.190
1465627025	656.820
1465627095	675.290
1465627236	639.170
1465627447	599.330
1465628003	632.770
1465628073	606.110
1465628350	616.090
1465628768	646.130
1465628838	630.010
1465628908	605.530
1465629117	633.400
1465629534	628.450
1465629605	606.290
1465629675	613.140
1465629815	615.220
1465630371	624.740
1465630511	618.800
1465630581	624.450
1465630653	609.800
1465631281	619.570
1465631560	672.230
1465631840	623.470
1465632119	692.540
1465632189	603.950
1465632536	611.800
1465632675	627.650
1465634553	614.860
1465634901	617.890
1465634970	651.770
1465635386	625.250
1465635526	801.200
1465635665	1038.070
1465635805	630.910
1465635945	606.300
1465636500	610.670
1465636571	639.080
1465636710	605.990
1465637335	606.700
1465638239	625.790
1465638727	623.450
1465639355	614.250
1465639425	604.270
1465639564	703.950
1465639634	629.970
1465640823	605.140
1465640963	616.970
1465641937	617.560
1465642007	599.770
1465642215	638.940
1465642425	615.780
1465642704	660.330
1465642774	645.750
1465643262	672.540
1465643610	629.790
1465643959	612.480
1465645212	617.610
1465646811	632.650
1465646881	610.940
1465647160	616.040
1465647648	610.010
1465647856	627.840
1465648485	612.880
1465649113	661.030
1465649533	604.360
1465649673	613.250
1465650023	608.390
1465650511	617.900
1465650653	619.990
1465651284	612.550
1465651911	653.200
1465651981	647.240
1465652120	615.800
1465652329	628.510
1465652399	615.250
1465652470	623.910
1465653096	650.470
1465653583	657.080
1465654278	648.210
1465654902	640.460
1465655597	613.120
1465655667	618.620
1465656430	644.740
1465656640	644.530
1465657265	622.310
1465657754	606.270
1465657964	605.030
1465658034	629.970
1465658312	635.940
1465658452	620.610
1465658799	637.120
1465659425	666.780
1465659495	632.970
1465659565	622.550
1465659775	612.120
1465659985	621.340
1465660055	604.240
1465660195	660.860
1465660335	610.290
1465660405	617.410
1465661032	618.870
1465661102	644.160
1465661450	613.330
1465661519	628.650
1465661590	609.290
1465661729	973.980
1465662009	605.770
1465662637	629.780
1465662707	619.240
1465662986	847.320
1465664306	622.850
1465665351	622.600
1465665421	615.280
1465665491	626.450
1465665977	615.220
1465666255	614.520
1465667298	636.230
1465668341	614.720
1465668621	606.180
1465668831	612.780
1465668900	630.180
1465669600	636.510
1465670366	623.480
1465670645	603.840
1465670996	606.600
1465671344	848.360
1465671693	606.310
1465671903	607.230
1465672112	606.120
1465672463	605.400
1465673088	658.390
1465673158	731.450
1465673368	605.260
1465673791	643.880
1465674072	667.610
1465674143	617.170
1465674423	622.550
1465674562	633.990
1465674631	647.570
1465674771	650.890
1465675259	605.130
1465675470	621.310
1465676169	616.800
1465676379	632.750
1465676658	619.470
1465677221	606.700
1465677362	826.340
1465677432	618.820
1465677503	604.620
1465677991	625.140
1465678132	608.520
1465678273	614.110
1465678414	605.380
1465678484	605.810
1465678626	605.800
1465678696	617.600
1465678836	641.130
1465679185	627.230
1465679395	647.370
1465679466	605.970
1465679956	616.250
1465680028	621.140
1465680099	633.430
1465681491	628.960
1465681631	636.500
1465681841	636.230
1465682121	638.040
1465682192	683.070
1465682401	629.380
1465682472	622.640
1465682754	635.820
1465682894	654.440
1465683876	943.350
1465684017	620.750
1465684297	658.360
1465684436	645.680
1465684577	617.130
1465684856	652.070
1465684927	604.150
1465685139	632.330
1465685489	640.750
1465685701	632.520
1465686053	610.820
1465686263	690.800
1465686403	804.900
1465686684	628.980
1465687036	610.230
1465687177	646.140
1465687389	624.860
1465687460	875.880
1465687601	648.480
1465688024	612.400
1465688094	611.890
1465688165	620.160
1465688237	628.050
1465688307	606.090
1465688448	619.760
1465688518	617.950
1465688657	653.790
1465688729	648.940
1465689078	639.450
1465689148	661.260
1465689219	641.120
1465689498	628.980
1465689639	620.940
1465689921	607.280
1465689991	606.900
1465690131	631.320
1465690202	612.780
1465690342	649.120
1465690483	642.200
1465690623	941.680
1465690695	606.280
1465690766	604.870
1465690908	612.150
1465690979	694.460
1465691400	621.710
1465691471	630.120
1465691542	771.360
1465692030	862.430
1465692100	606.470
1465692380	617.320
1465692589	878.830
1465692868	613.950
1465693709	610.720
1465693779	640.110
1465693850	638.490
1465693921	619.460
1465693991	628.390
1465694062	657.680
1465694204	612.470
1465694484	626.720
1465695045	611.430
1465695606	610.530
1465695677	603.290
1465695747	610.090
1465695817	602.340
1465697286	635.540
1465697356	605.920
1465697634	653.980
1465697774	629.770
1465697983	616.770
1465698122	661.310
1465698261	604.030
1465698750	644.750
1465698959	659.840
1465699660	619.200
1465699730	615.510
1465699940	605.120
1465700150	604.690
1465700220	607.770
1465700778	614.550
1465700848	607.640
1465700988	607.140
1465701058	612.870
1465701406	611.440
1465701546	606.440
1465702588	715.860
1465703074	643.610
1465703213	638.200
1465703493	612.620
1465704118	621.540
1465704327	674.220
1465705026	624.890
1465705304	612.150
1465705375	611.320
1465705446	636.930
1465705515	604.520
1465705586	613.730
1465706351	861.010
1465706490	981.430
1465706701	610.710
1465706771	621.470
1465707050	618.060
1465707327	618.290
1465707467	675.430
1465707538	622.190
1465707608	604.190
1465708026	628.070
1465708513	615.780
1465708723	678.590
1465709628	680.600
1465709698	610.750
1465709768	630.250
1465709838	664.630
1465709908	615.840
1465710048	608.160
1465710328	625.310
1465711654	610.090
1465711724	618.560
1465711794	604.800
1465711934	629.770
1465712560	618.430
1465713395	644.190
1465713743	613.170
1465713814	611.680
1465713953	616.780
1465714858	611.840
1465714927	628.460
1465715068	624.300
1465715346	607.040
1465715903	605.860
1465716043	653.590
1465716739	691.070
1465716809	616.950
1465717089	610.680
1465717159	603.820
1465717437	646.100
1465718063	680.700
1465718203	612.140
1465718273	756.010
1465718344	625.960
1465718483	619.730
1465718831	629.200
1465719040	610.840
1465719110	759.670
1465719388	650.780
1465720362	630.790
1465720501	629.760
1465721613	606.400
1465721683	604.180
1465722378	789.690
1465722657	660.100
1465722726	615.600
1465722797	604.070
1465723077	690.700
1465724886	664.410
1465725025	630.020
1465725791	645.300
1465726768	613.620
1465727811	617.320
1465728436	611.510
1465728646	611.850
1465728716	606.430
1465728856	656.070
1465729342	642.690
1465729482	604.480
1465729692	613.190
1465730179	613.550
1465730250	626.740
1465730460	643.060
1465730530	607.590
1465730669	606.440
1465731087	611.580
1465731297	614.620
1465731506	660.590
1465731714	623.490
1465732617	617.850
1465732896	629.170
1465733384	612.410
1465735540	632.760
1465737281	604.390
1465739714	618.570
1465739784	606.550
1465739925	637.280
1465740549	612.060
1465741246	677.090
1465741316	607.630
1465742290	626.870
1465742499	619.700
1465742921	667.400
1465743131	631.440
1465743270	618.350
1465743756	642.560
1465744453	605.630
1465744661	666.210
1465745428	656.020
1465747097	613.830
1465747237	651.990
1465747794	614.530
1465748143	660.910
1465748422	619.060
1465749258	631.110
1465749467	612.840
1465749606	611.560
1465749676	607.410
1465750304	611.970
1465750513	913.490
1465751490	613.740
1465751700	850.400
1465751772	615.220
1465751911	616.410
1465751981	879.530
1465752329	608.050
1465752400	605.240
1465752890	610.960
1465753030	719.140
1465753379	644.350
1465754149	625.780
1465754846	627.710
1465754916	613.140
1465754985	604.240
1465755264	613.220
1465755334	683.350
1465755474	604.150
1465755822	614.250
1465755893	614.910
1465755963	691.110
1465756102	605.680
1465756314	611.210
1465756593	612.180
1465757219	631.230
1465758825	621.190
1465758964	605.070
1465759106	628.540
1465759317	606.350
1465759527	615.650
1465760085	968.470
1465760295	621.460
1465760437	605.480
1465760506	637.820
1465760856	630.240
1465761137	678.170
1465761277	629.570
1465761489	620.450
1465761908	703.060
1465762257	650.250
1465763165	689.800
1465763238	615.490
1465763447	630.940
1465763589	671.710
1465763660	645.740
1465763800	610.390
1465763871	624.140
1465763943	610.620
1465764083	627.820
1465764153	627.930
1465764295	619.970
1465764366	614.550
1465764925	627.630
1465764995	678.530
1465765066	631.800
1465765419	643.510
1465765769	653.600
1465765910	619.910
1465765981	630.230
1465766051	618.990
1465766261	609.750
1465766540	627.760
1465766680	614.830
1465767376	680.510
1465767655	634.230
1465767936	631.170
1465768495	612.340
1465768705	614.480
1465769264	606.480
1465769613	606.780
1465769893	604.460
1465769963	639.410
1465770173	613.150
1465770383	625.540
1465770735	604.320
1465770806	622.230
1465770877	654.370
1465770949	650.740
1465771089	650.990
1465771581	626.750
1465771652	623.520
1465771931	670.430
1465772003	612.240
1465772283	607.870
1465772354	605.700
1465772494	690.110
1465772844	639.920
1465773055	619.920
1465773403	609.710
1465773474	628.970
1465773962	671.020
1465774241	614.890
1465774520	620.720
1465774871	636.230
1465775080	623.170
1465775430	613.740
1465775569	604.000
1465775780	620.500
1465775852	616.180
1465775992	630.490
1465776062	633.250
1465776132	611.750
1465776412	635.220
1465776623	627.160
1465776764	640.750
1465776976	620.230
1465777046	605.610
1465777116	611.750
1465777188	628.380
1465777398	605.280
1465777469	615.900
1465777540	600.050
1465777681	625.610
1465777962	627.860
1465778102	624.070
1465778173	607.110
1465778244	609.350
1465778383	618.430
1465778734	607.130
1465779226	646.500
1465779367	644.860
1465779857	1081.580
1465780067	612.090
1465780138	605.280
1465780348	655.600
1465780490	636.930
1465781117	730.430
1465781328	610.970
1465781469	612.550
1465781539	633.250
1465781888	622.480
1465782030	610.070
1465782100	613.020
1465782934	616.970
1465783075	639.220
1465783146	614.050
1465783775	629.840
1465784472	674.140
1465784543	1042.690
1465784963	634.840
1465785104	614.290
1465785381	649.560
1465785451	643.130
1465785522	604.640
1465786221	610.940
1465786711	617.180
1465786781	615.420
1465786922	613.670
1465786993	610.440
1465787272	618.120
1465787343	627.070
1465787691	604.360
1465787970	624.170
1465788040	880.150
1465788182	619.190
1465788321	607.570
1465788671	705.280
1465788951	649.890
1465789650	606.000
1465789929	636.040
1465790140	625.920
1465791467	626.910
1465791606	613.650
1465792373	606.950
1465792929	604.620
1465793346	995.870
1465793903	604.100
1465794186	640.600
1465794256	612.740
1465794676	640.650
1465794747	618.030
1465795026	649.210
1465795235	599.210
1465795445	635.260
1465795515	649.200
1465795585	662.530
1465795796	606.320
1465796492	615.930
1465796841	618.550
1465797467	634.350
1465797678	831.890
1465797748	1283.790
1465797888	685.500
1465798589	611.970
1465798798	607.860
1465799149	637.440
1465799499	610.560
1465799708	612.020
1465799917	613.960
1465800265	604.840
1465800403	607.130
1465800475	642.950
1465801101	628.970
1465801661	692.190
1465801731	746.300
1465802082	665.170
1465802222	633.290
1465802292	605.680
1465802642	605.720
1465802712	650.930
1465802922	633.400
1465803202	634.820
1465803620	626.430
1465803691	671.490
1465803761	616.430
1465803831	611.240
1465803901	605.560
1465804665	616.760
1465804807	613.160
1465805364	728.660
1465805434	642.040
1465805573	604.410
1465806268	627.920
1465807933	1256.840
1465808767	656.110
1465808837	662.170
1465808910	606.530
1465809120	627.620
1465809191	603.550
1465809753	625.020
1465809823	634.830
1465809963	621.960
1465810103	636.890
1465810174	683.820
1465810384	637.100
1465810663	612.750
1465811149	655.820
1465811358	971.120
1465811429	614.600
1465811499	631.830
1465812058	606.520
1465812268	628.180
1465812338	621.400
1465812408	620.210
1465812478	626.760
1465812548	917.230
1465812757	619.120
1465813036	605.140
1465813317	620.190
1465813527	664.620
1465813598	888.240
1465813738	622.280
1465813809	742.840
1465813879	604.440
1465813949	606.290
1465814228	624.330
1465814509	767.650
1465814787	606.480
1465814997	610.010
1465815137	1022.620
1465815763	624.320
1465815904	649.680
1465815973	664.790
1465816251	605.350
1465816601	620.650
1465816949	617.130
1465817019	620.290
1465817089	628.060
1465817924	614.460
1465818202	639.030
1465818411	634.380
1465818897	621.870
1465819384	1267.520
1465819662	613.760
1465819731	624.360
1465820775	611.340
1465820984	629.180
1465821262	617.410
1465821752	608.070
1465821824	618.870
1465821894	617.730
1465821964	640.060
1465822243	604.100
1465822384	617.050
1465822524	617.260
1465823011	647.520
1465823500	692.960
1465824613	643.560
1465825101	634.220
1465825589	624.590
1465826633	624.780
1465826982	649.710
1465827053	659.550
1465827124	721.380
1465827680	638.530
1465827750	609.480
1465828655	630.360
1465829490	649.600
1465830255	622.110
1465830741	626.200
1465830880	639.570
1465831301	629.600
1465831581	614.820
1465832069	684.880
1465832139	642.560
1465833530	639.730
1465833669	690.400
1465833739	645.440
1465833809	618.230
1465833879	629.010
1465834088	736.180
1465834298	603.910
1465834575	619.970
1465834854	619.890
1465835271	660.170
1465835411	628.970
1465835970	653.990
1465836181	625.380
1465837087	622.810
1465837990	636.880
1465838199	629.100
1465838339	658.840
1465838409	636.420
1465838480	611.160
1465838896	627.640
1465838966	617.050
1465839036	615.610
1465839176	614.060
1465839248	607.200
1465839319	605.850
1465839461	609.410
1465840024	625.870
1465840094	612.470
1465840305	608.500
1465840515	661.830
1465840585	614.610
1465840726	606.590
1465840867	616.960
1465840937	607.780
1465841429	634.230
1465841501	629.110
1465841573	620.840
1465841644	644.560
1465841854	602.300
1465841924	685.620
1465841996	635.960
1465842066	706.030
1465842138	849.620
1465842211	622.870
1465842282	637.880
1465842353	793.940
1465842496	599.400
1465842638	612.410
1465842709	747.850
1465842781	681.270
1465842921	615.710
1465842991	653.660
1465843063	633.320
1465843274	660.080
1465843345	994.470
1465843558	641.240
1465843699	637.170
1465843841	619.210
1465843912	605.110
1465844054	632.700
1465844267	647.470
1465844339	633.020
1465844482	777.770
1465844692	660.790
1465844765	608.870
1465844907	613.910
1465844978	617.880
1465845337	609.560
1465845409	600.940
1465845480	672.130
1465845552	612.110
1465845835	617.240
1465846045	619.470
1465846116	623.750
1465846257	615.200
1465846466	621.040
1465846537	604.130
1465846678	617.750
1465846750	1071.160
1465846891	607.480
1465846961	729.490
1465847450	604.600
1465848148	620.570
1465848219	667.010
1465848289	629.090
1465848501	960.630
1465848711	618.610
1465848921	604.050
1465849130	633.210
1465849270	656.680
1465849341	621.640
1465849551	669.400
1465849693	605.440
1465850181	618.380
1465850881	617.050
1465851092	628.010
1465851302	613.320
1465851372	624.710
1465851512	651.600
1465851724	606.040
1465851865	617.520
1465851936	644.400
1465852286	635.080
1465852357	617.840
1465852497	609.790
1465852637	606.080
1465852848	628.440
1465854177	701.970
1465854248	605.110
1465854319	616.790
1465854458	706.060
1465854740	612.020
1465854811	836.030
1465854882	603.800
1465855023	614.250
1465855094	604.680
1465855235	623.820
1465855305	643.690
1465855514	627.920
1465855655	616.170
1465856076	642.390
1465856148	614.500
1465856428	638.410
1465856638	662.980
1465856847	610.390
1465857126	640.920
1465857266	628.160
1465857337	864.730
1465857479	633.190
1465857549	660.110
1465858319	617.190
1465858459	605.240
1465858881	637.370
1465859302	638.860
1465859442	799.650
1465859652	613.210
1465859791	618.000
1465860002	627.030
1465860213	615.160
1465860702	610.990
1465860772	604.190
1465860982	614.090
1465861054	613.460
1465861125	614.580
1465861196	625.110
1465861616	633.380
1465861687	617.660
1465861827	613.000
1465862108	1141.620
1465862179	604.490
1465862251	613.810
1465862391	606.100
1465862461	645.690
1465862602	607.760
1465863024	646.100
1465863375	635.550
1465863515	627.100
1465863587	651.510
1465863867	969.330
1465863940	621.530
1465864011	646.890
1465864222	608.840
1465864293	604.220
1465864364	629.460
1465864504	617.280
1465864576	611.280
1465864927	604.740
1465865069	637.760
1465865281	631.270
1465865423	630.380
1465865704	623.680
1465865776	632.270
1465865846	627.430
1465865918	615.100
1465865988	655.070
1465866197	610.330
1465866268	685.090
1465866409	690.750
1465866481	664.080
1465866692	646.330
1465866831	604.110
1465866972	612.300
1465867043	626.250
1465867113	611.000
1465867183	611.080
1465867393	641.640
1465867533	605.290
1465867603	619.610
1465867815	661.730
1465868095	621.840
1465868167	655.110
1465868308	750.260
1465868590	606.340
1465868801	639.680
1465869081	615.140
1465869150	612.180
1465869290	677.060
1465869362	618.430
1465869781	633.840
1465869852	624.040
1465869992	655.830
1465870062	608.710
1465870691	601.640
1465870762	670.930
1465870972	623.670
1465871465	613.480
1465871607	691.830
1465871678	621.740
1465871959	627.510
1465872308	618.070
1465872797	651.570
1465872867	625.210
1465873008	637.800
1465873498	613.640
1465873569	808.010
1465873708	635.350
1465873849	617.280
1465873920	624.640
1465874548	652.100
1465874826	634.760
1465875175	616.240
1465875733	620.310
1465875944	606.000
1465876294	665.410
1465876574	662.380
1465876714	626.000
1465876926	625.990
1465876996	647.490
1465877066	728.620
1465877137	638.780
1465878321	628.550
1465878460	631.450
1465878601	653.720
1465878884	654.770
1465878955	634.540
1465879027	631.420
1465879097	699.920
1465879167	625.730
1465879725	666.360
1465879796	643.680
1465880285	649.990
1465880983	605.150
1465881053	674.110
1465881263	649.760
1465881334	644.920
1465881752	670.220
1465881891	649.700
1465881961	610.700
1465882169	621.000
1465883289	616.170
1465883429	622.690
1465883570	645.570
1465883712	602.410
1465884133	650.120
1465884272	656.040
1465884414	653.270
1465884484	660.430
1465884694	616.090
1465885112	604.310
1465885389	611.570
1465885953	618.030
1465886163	620.980
1465886372	881.150
1465886512	643.560
1465887069	648.250
1465887421	638.700
1465887769	615.110
1465888399	606.540
1465888469	632.750
1465888678	660.180
1465888748	610.370
1465888888	823.620
1465890074	632.700
1465890632	737.860
1465890843	702.070
1465891400	614.830
1465891678	612.710
1465891749	616.440
1465891889	623.150
1465892030	607.080
1465892588	654.350
1465892659	608.830
1465892870	648.040
1465893287	638.300
1465893358	633.650
1465893779	623.780
1465893988	647.340
1465894059	603.640
1465894688	616.610
1465895037	606.600
1465895456	629.570
1465895877	606.620
1465895948	616.460
1465896019	629.540
1465896368	606.590
1465896578	620.730
1465896718	627.220
1465897276	628.200
1465897348	620.940
1465897698	604.110
1465897838	632.590
1465898467	606.980
1465898608	648.050
1465898679	604.150
1465899168	698.840
1465900213	621.380
1465900284	626.390
1465900354	636.810
1465900494	625.820
1465900635	623.400
1465900845	616.360
1465901610	611.750
1465901750	635.910
1465901820	633.230
1465902099	624.900
1465902238	615.880
1465902309	612.200
1465903351	657.280
1465903421	613.160
1465903561	627.890
1465903979	610.410
1465904604	633.810
1465904814	606.010
1465905232	620.070
1465905513	613.210
1465905584	605.970
1465905863	651.050
1465906141	625.880
1465906211	624.070
1465906280	700.240
1465906420	629.030
1465906560	683.220
1465906840	623.820
1465906910	660.960
1465907328	633.580
1465907609	652.700
1465907888	641.000
1465909421	620.650
1465909560	654.810
1465909909	686.040
1465910468	623.630
1465910678	624.600
1465911167	684.420
1465912071	605.910
1465912280	634.040
1465912628	616.890
1465913392	603.800
1465913462	622.340
1465913670	653.290
1465913811	629.390
1465914716	604.880
1465914995	606.120
1465915620	634.530
1465915759	611.810
1465915969	652.030
1465916108	636.170
1465916248	608.600
1465916319	605.970
1465916389	1170.140
1465916600	633.870
1465917295	653.030
1465917713	1027.780
1465918272	630.100
1465918621	607.640
1465918970	627.350
1465919180	700.780
1465919597	604.910
1465919808	639.230
1465920366	619.530
1465920646	817.330
1465921063	615.060
1465921621	666.940
1465921692	605.980
1465922462	612.640
1465922532	617.940
1465923020	624.760
1465923370	613.500
1465923509	628.280
1465923582	630.740
1465923930	637.940
1465924000	639.640
1465924140	611.330
1465924281	610.150
1465924353	618.010
1465924773	607.330
1465924982	623.110
1465925052	613.470
1465925401	1031.570
1465925612	610.420
1465926311	617.370
1465926869	625.430
1465927495	622.020
1465927636	620.200
1465927775	612.760
1465927915	620.270
1465928054	621.960
1465928125	625.720
1465928196	629.420
1465928335	647.020
1465928758	648.780
1465928829	846.180
1465928899	637.680
1465929112	872.690
1465930444	646.220
1465930583	925.790
1465930653	762.590
1465930795	754.990
1465931423	614.980
1465931910	609.940
1465931981	616.620
1465932190	668.530
1465932678	618.140
1465932749	605.700
1465932889	650.400
1465932958	782.740
1465933030	604.220
1465933100	617.280
1465934078	628.770
1465934150	617.830
1465934290	646.100
1465934570	615.420
1465934709	614.120
1465934852	622.120
1465934992	625.370
1465935063	613.240
1465935276	635.460
1465935555	658.430
1465935696	611.590
1465936182	686.370
1465936530	969.420
1465936601	670.970
1465936741	650.050
1465936812	612.180
1465937092	604.860
1465937926	611.640
1465937996	628.130
1465938136	918.550
1465938346	598.680
1465938763	605.750
1465938834	618.730
1465938974	607.200
1465939185	618.940
1465939255	606.210
1465939327	613.040
1465939537	605.020
1465939678	633.280
1465939749	610.310
1465939889	667.820
1465940171	1139.500
1465940243	628.900
1465940384	612.020
1465940524	603.230
1465940596	854.170
1465940736	616.670
1465940877	613.180
1465941016	604.430
1465941156	615.740
1465941715	616.550
1465941855	637.870
1465941926	606.460
1465942067	631.190
1465942208	618.260
1465942278	605.260
1465942419	634.110
1465942702	623.530
1465942772	613.800
1465942842	628.480
1465943122	638.650
1465943192	604.900
1465943263	659.650
1465943756	624.790
1465943827	667.390
1465943898	639.220
1465944248	647.080
1465944319	606.760
1465944528	603.850
1465944600	735.430
1465944810	647.110
1465944880	621.270
1465945092	613.980
1465945162	609.440
1465945442	622.240
1465945652	657.620
1465945724	604.310
1465945864	621.140
1465945935	865.920
1465946005	611.460
1465946076	628.250
1465946146	612.280
1465946218	654.800
1465946288	609.410
1465946427	627.160
1465946568	649.830
1465947196	620.380
1465947686	966.150
1465947759	655.230
1465947898	616.760
1465948039	605.720
1465948180	657.560
1465948674	613.130
1465948744	626.790
1465948815	604.550
1465949166	605.720
1465949308	623.450
1465949379	617.950
1465949449	671.490
1465949520	615.900
1465949590	618.730
1465949661	608.740
1465949732	652.430
1465949803	609.630
1465950013	673.570
1465950086	637.550
1465950158	606.000
1465950229	647.200
1465950299	656.880
1465950440	652.360
1465950582	610.290
1465950722	610.810
1465950793	598.300
1465950863	629.440
1465950934	612.860
1465951006	769.740
1465951078	648.560
1465951497	1036.130
1465951568	629.630
1465952056	635.130
1465952126	628.380
1465952478	604.070
1465952549	702.460
1465952691	604.440
1465952834	633.840
1465952975	617.960
1465953045	617.050
1465953116	635.700
1465953186	606.240
1465953534	604.660
1465953816	612.750
1465954028	660.100
1465954099	623.420
1465954170	611.580
1465954312	614.670
1465954522	600.330
1465954594	629.980
1465954805	619.620
1465954877	682.730
1465955300	865.990
1465955372	628.370
1465955442	618.140
1465955514	647.350
1465955585	610.240
1465955656	605.260
1465955726	611.340
1465955797	630.600
1465955869	615.190
1465955941	625.620
1465956081	629.330
1465956782	676.170
1465956853	610.480
1465956922	605.830
1465956993	630.210
1465957552	623.260
1465957692	1143.370
1465957902	630.930
1465958320	629.700
1465958459	621.220
1465958600	656.500
1465958672	635.740
1465958811	612.550
1465958882	607.700
1465959091	647.520
1465959371	626.010
1465959581	625.200
1465959721	607.690
1465959793	612.870
1465960284	604.250
1465960353	605.410
1465960494	620.730
1465961055	613.150
1465961126	635.740
1465961196	635.430
1465961267	611.420
1465961337	611.750
1465961407	616.720
1465961687	618.070
1465961757	624.720
1465962110	622.510
1465962251	636.980
1465962321	644.080
1465962393	646.390
1465962463	636.370
1465962534	628.160
1465962606	617.900
1465962816	630.180
1465962887	606.820
1465963028	607.910
1465963307	666.010
1465963377	635.110
1465963517	663.180
1465963587	654.880
1465963797	609.960
1465963938	629.960
1465964291	723.140
1465964433	604.880
1465964503	621.170
1465964575	613.450
1465964715	605.390
1465964786	617.820
1465964856	617.820
1465965137	713.290
1465965833	605.720
1465966042	631.280
1465966252	605.010
1465966394	648.390
1465966536	614.710
1465966747	616.860
1465966818	638.130
1465966889	625.520
1465966960	624.500
1465967381	617.050
1465967731	707.490
1465967873	614.990
1465968013	620.060
1465968085	605.100
1465968296	615.420
1465968436	647.570
1465968507	698.030
1465968577	627.440
1465968648	619.580
1465968790	618.950
1465968932	635.880
1465969144	619.900
1465969217	617.430
1465969287	728.920
1465969358	616.940
1465969569	624.840
1465969641	679.610
1465969782	604.900
1465969922	629.700
1465970132	646.250
1465970411	626.410
1465970551	613.210
1465970692	650.650
1465970834	626.220
1465970904	649.240
1465971045	645.200
1465971116	647.660
1465971186	605.580
1465971257	633.880
1465971329	1605.490
1465971400	648.110
1465971471	622.100
1465971821	784.470
1465972174	653.980
1465972245	614.730
1465972599	618.520
1465972948	610.010
1465973089	846.640
1465973300	623.840
1465973720	617.340
1465974070	613.890
1465974628	632.530
1465974838	614.350
1465975955	614.140
1465976165	641.040
1465976374	608.590
1465976654	604.750
1465976933	613.730
1465977004	634.160
1465977282	607.230
1465977702	638.270
1465977842	612.100
1465978473	621.300
1465978681	615.940
1465978752	628.570
1465978962	921.150
1465979172	629.480
1465979384	611.890
1465979666	619.260
1465980083	658.930
1465980294	636.090
1465980711	630.160
1465981408	612.950
1465981477	643.430
1465981548	642.790
1465982105	619.430
1465982384	638.440
1465983430	623.720
1465983640	609.390
1465983709	681.140
1465983849	635.640
1465984547	613.720
1465985175	657.180
1465985454	611.060
1465985803	647.850
1465985873	650.890
1465985944	638.150
1465986782	629.780
1465987407	611.290
1465987824	613.530
1465987895	617.030
1465987965	644.570
1465988035	662.320
1465988453	619.740
1465988943	646.660
1465989151	607.110
1465989568	605.040
1465989637	861.510
1465989777	631.440
1465990404	606.120
1465991379	671.820
1465991727	644.800
1465992213	634.670
1465992283	632.320
1465992422	662.750
1465992631	618.690
1465992702	791.790
1465993466	656.810
1465993607	691.590
1465993677	607.780
1465994582	720.920
1465995001	608.240
1465995140	638.790
1465995628	613.040
1465995837	607.120
1465996533	670.480
1465997364	619.910
1465997434	700.540
1465997645	641.810
1465997993	681.340
1465998482	658.930
1465999038	1025.100
1465999108	666.210
1465999179	655.820
1465999456	640.920
1466000363	645.370
1466000434	614.230
1466001409	644.890
1466001687	628.250
1466001757	1035.700
1466002107	692.660
1466002386	635.970
1466002665	646.750
1466003082	656.650
1466003221	655.740
1466003710	653.360
1466003919	633.800
1466003989	688.050
1466004337	633.290
1466004685	646.910
1466004964	634.680
1466005034	681.960
1466005802	639.650
1466006428	632.440
1466006636	682.690
1466006707	709.270
1466006778	711.290
1466007057	612.870
1466008035	643.270
1466008314	667.550
1466008454	634.260
1466008594	690.210
1466008663	1050.810
1466008806	632.630
1466009226	654.750
1466009438	613.290
1466009648	632.310
1466009787	617.520
1466009858	613.570
1466009929	631.930
1466010905	626.700
1466011044	643.460
1466011114	628.110
1466011673	674.820
1466011882	606.400
1466011952	631.870
1466012162	614.970
1466012372	630.660
1466013003	611.830
1466013562	645.390
1466014470	630.250
1466014891	890.280
1466014961	838.770
1466015172	628.750
1466015244	619.540
1466015452	612.800
1466015661	661.520
1466015941	644.540
1466016362	604.980
1466016432	604.020
1466016502	631.020
1466016574	647.090
1466016644	631.900
1466016714	606.920
1466016785	637.080
1466016856	620.760
1466017135	610.230
1466017205	626.110
1466017625	647.950
1466017695	621.580
1466018045	612.320
1466018115	641.430
1466018606	629.670
1466018816	676.520
1466018957	642.030
1466019028	672.550
1466019098	604.660
1466019378	634.950
1466019448	630.010
1466019800	604.160
1466020150	642.310
1466020220	619.160
1466020639	638.720
1466020711	607.620
1466020920	621.250
1466021131	611.210
1466021341	605.620
1466021482	624.190
1466021552	639.730
1466021693	605.020
1466021763	612.340
1466021974	624.580
1466022113	641.850
1466022184	639.890
